CLUES,Clave_Institucion,Institucion,Clave_Entidad,Entidad,CLAVE DEL MUNICIPIO,MUNICIPIO,CLAVE DE LA LOCALIDAD,LOCALIDAD,NOMBRE_UNIDAD,LATITUD,LONGITUD,Observaciones
BCIMB001796,IMB,SERVICIOS DE SALUD IMSS BIENESTAR ,02,BAJA CALIFORNIA,004,TIJUANA,0001,TIJUANA,HOSPITAL GENERAL TIJUANA ZONA ESTE,32.47195,-116.84889,Verificar
BCIMB000355,IMB,SERVICIOS DE SALUD IMSS BIENESTAR ,02,BAJA CALIFORNIA,002,MEXICALI,0001,MEXICALI,HOSPITAL GENERAL DE MEXICALI,32.644334,-115.476271,Verificar
BCIMB000010,IMB,SERVICIOS DE SALUD IMSS BIENESTAR ,02,BAJA CALIFORNIA,001,ENSENADA,0001,ENSENADA,HOSPITAL GENERAL DE ENSENADA,31.825117,-116.600282,
BCIMB000734,IMB,SERVICIOS DE SALUD IMSS BIENESTAR ,02,BAJA CALIFORNIA,004,TIJUANA,0001,TIJUANA,HOSPITAL GENERAL TIJUANA,32.5257079,-117.0094107,
BCIMB001352,IMB,SERVICIOS DE SALUD IMSS BIENESTAR ,02,BAJA CALIFORNIA,004,TIJUANA,0001,TIJUANA,HOSPITAL MATERNO INFANTIL DE TIJUANA,32.489581,-116.92895,
BCIMB000676,IMB,SERVICIOS DE SALUD IMSS BIENESTAR ,02,BAJA CALIFORNIA,003,TECATE,0001,TECATE,HOSPITAL GENERAL DE TECATE,32.5575292,-116.6319713,
BCIMB000676,IMB,SERVICIOS DE SALUD IMSS BIENESTAR ,02,BAJA CALIFORNIA,003,TECATE,0001,TECATE,HOSPITAL GENERAL DE TECATE,32.5575292,-116.6319713,
BCIMB001702,IMB,SERVICIOS DE SALUD IMSS BIENESTAR ,02,BAJA CALIFORNIA,002,MEXICALI,0001,MEXICALI,HOSPITAL MATERNO INFANTIL,32.6239,-115.3756,
BCIMB001422,IMB,SERVICIOS DE SALUD IMSS BIENESTAR ,02,BAJA CALIFORNIA,005,PLAYAS DE ROSARITO,0001,PLAYAS DE ROSARITO,HOSPITAL GENERAL PLAYAS DE ROSARITO,32.3636,-117.0554,
BCIMB000010,IMB,SERVICIOS DE SALUD IMSS BIENESTAR ,02,BAJA CALIFORNIA,001,ENSENADA,0001,ENSENADA,HOSPITAL GENERAL DE ENSENADA,31.825117,-116.600282,
DFIMB001361,IMB,SERVICIOS DE SALUD IMSS BIENESTAR ,09,CIUDAD DE MEXICO,010,ALVARO OBREGON,0001,ALVARO OBREGON,C.S.T-III DR. MANUEL ESCONTRIA,19.3425,-99.1931,
DFIMB000743,IMB,SERVICIOS DE SALUD IMSS BIENESTAR ,09,CIUDAD DE MEXICO,005,GUSTAVO A. MADERO,0001,GUSTAVO A. MADERO,C.S.T-II LA ESMERALDA,19.4875804,-99.0848654,
DFIMB000166,IMB,SERVICIOS DE SALUD IMSS BIENESTAR ,09,CIUDAD DE MEXICO,002,AZCAPOTZALCO,0001,AZCAPOTZALCO,C.S.T-III SANTIAGO AHUIZOTLA,19.4786,-99.2117,
DFIMB002312,IMB,SERVICIOS DE SALUD IMSS BIENESTAR ,09,CIUDAD DE MEXICO,010,ALVARO OBREGON,0001,ALVARO OBREGON,CENTRO DE SALUD T-III JALALPA EL GRANDE,19.3717,-99.2391776,
DFIMB001332,IMB,SERVICIOS DE SALUD IMSS BIENESTAR ,09,CIUDAD DE MEXICO,010,ALVARO OBREGON,0001,ALVARO OBREGON,C.S.T-III AMPLIACI‡N PRESIDENTES,19.3754,-99.2249,
DFIMB001846,IMB,SERVICIOS DE SALUD IMSS BIENESTAR ,09,CIUDAD DE MEXICO,014,BENITO JUAREZ,0001,BENITO JUAREZ,C.S.T-III MIXCOAC,19.3811,-99.1886,
DFIMB002032,IMB,SERVICIOS DE SALUD IMSS BIENESTAR ,09,CIUDAD DE MEXICO,016,MIGUEL HIDALGO,0001,MIGUEL HIDALGO,C.S.T-III MANUEL GONZµLEZ RIVERA,19.4517997,-99.1690629,
DFIMB001216,IMB,SERVICIOS DE SALUD IMSS BIENESTAR ,09,CIUDAD DE MEXICO,009,MILPA ALTA,0024,SAN PABLO OZTOTEPEC,C.S.T-III SAN PABLO OZTOTEPEC,19.1874,-99.0731,
DFIMB001945,IMB,SERVICIOS DE SALUD IMSS BIENESTAR ,09,CIUDAD DE MEXICO,015,CUAUHTEMOC,0001,CUAUHTEMOC,C.S.T-III SOLEDAD OROZCO DE µVILA CAMACHO,19.4583,-99.133,
DFIMB001950,IMB,SERVICIOS DE SALUD IMSS BIENESTAR ,09,CIUDAD DE MEXICO,015,CUAUHTEMOC,0001,CUAUHTEMOC,C.S.T-III DR. ATANACIO GARZA R÷OS,19.4181,-99.1473,
DFIMB001916,IMB,SERVICIOS DE SALUD IMSS BIENESTAR ,09,CIUDAD DE MEXICO,015,CUAUHTEMOC,0001,CUAUHTEMOC,CENTRO DERMATOL‡GICO DR. LADISLAO DE LA PASCUA,19.4065,-99.1491,
DFIMB001040,IMB,SERVICIOS DE SALUD IMSS BIENESTAR ,09,CIUDAD DE MEXICO,007,IZTAPALAPA,0001,IZTAPALAPA,C.S. T-III SANTA MAR÷A AZTAHUACµN,19.356141,-99.0321384,
DFIMB001035,IMB,SERVICIOS DE SALUD IMSS BIENESTAR ,09,CIUDAD DE MEXICO,007,IZTAPALAPA,0001,IZTAPALAPA,C.S.T-II SAN MIGUEL TEOTONGO,19.3427,-98.9897,
DFIMB002580,IMB,SERVICIOS DE SALUD IMSS BIENESTAR ,09,CIUDAD DE MEXICO,008,LA MAGDALENA CONTRERAS,0001,LA MAGDALENA CONTRERAS,C.S.T-III OASIS,19.2736,-99.2482,
DFIMB001600,IMB,SERVICIOS DE SALUD IMSS BIENESTAR ,09,CIUDAD DE MEXICO,012,TLALPAN,0001,TLALPAN,CENTRO DE SALUD T-III LOMAS DE PADIERNA,19.2912112,-99.223085,
DFIMB000352,IMB,SERVICIOS DE SALUD IMSS BIENESTAR ,09,CIUDAD DE MEXICO,004,CUAJIMALPA DE MORELOS,0020,SAN LORENZO ACOPILCO,C.S.T-II ACOPILCO,19.333439,-99.326466,
DFIMB001600,IMB,SERVICIOS DE SALUD IMSS BIENESTAR ,09,CIUDAD DE MEXICO,012,TLALPAN,0001,TLALPAN,CENTRO DE SALUD T-III LOMAS DE PADIERNA,19.2912112,-99.223085,
DFIMB000405,IMB,SERVICIOS DE SALUD IMSS BIENESTAR ,09,CIUDAD DE MEXICO,004,CUAJIMALPA DE MORELOS,0001,CUAJIMALPA DE MORELOS,C.S.T-III CUAJIMALPA,19.3566109,-99.2973904,
DFIMB002575,IMB,SERVICIOS DE SALUD IMSS BIENESTAR ,09,CIUDAD DE MEXICO,010,ALVARO OBREGON,0001,ALVARO OBREGON,HOSPITAL GENERAL DR. ENRIQUE CABRERA,19.3618836,-99.2240659,
DFIMB000446,IMB,SERVICIOS DE SALUD IMSS BIENESTAR ,09,CIUDAD DE MEXICO,005,GUSTAVO A. MADERO,0001,GUSTAVO A. MADERO,HOSPITAL GENERAL DE TICOMµN,19.5145133,-99.1378196,
DFIMB000451,IMB,SERVICIOS DE SALUD IMSS BIENESTAR ,09,CIUDAD DE MEXICO,005,GUSTAVO A. MADERO,0001,GUSTAVO A. MADERO,HOSPITAL GENERAL VILLA,19.4806216,-99.1031447,
DFIMB002353,IMB,SERVICIOS DE SALUD IMSS BIENESTAR ,09,CIUDAD DE MEXICO,005,GUSTAVO A. MADERO,0001,GUSTAVO A. MADERO,HOSPITAL ONCOL‡GICO PARA LA MUJER DE LA CIUDAD DE MêXICO,19.5243476,-99.1401384,
DFIMB002266,IMB,SERVICIOS DE SALUD IMSS BIENESTAR ,09,CIUDAD DE MEXICO,007,IZTAPALAPA,0001,IZTAPALAPA,HOSPITAL DE ESPECIALIDADES DE LA CIUDAD DE MEXICO DR. BELISARIO DOM÷NGUEZ,19.3066411,-99.0660984,
DFIMB002341,IMB,SERVICIOS DE SALUD IMSS BIENESTAR ,09,CIUDAD DE MEXICO,012,TLALPAN,0027,SAN MIGUEL TOPILEJO,HOSPITAL GENERAL TOPILEJO,19.1990194,-99.1415403,
DFIMB002674,IMB,SERVICIOS DE SALUD IMSS BIENESTAR ,09,CIUDAD DE MEXICO,012,TLALPAN,0001,TLALPAN,HOSPITAL GENERAL AJUSCO MEDIO,19.2718124,-99.2074896,
DFIMB001151,IMB,SERVICIOS DE SALUD IMSS BIENESTAR ,09,CIUDAD DE MEXICO,009,MILPA ALTA,0001,VILLA MILPA ALTA,HOSPITAL GENERAL MILPA ALTA,19.2009898,-99.0111074,
DFIMB002662,IMB,SERVICIOS DE SALUD IMSS BIENESTAR ,09,CIUDAD DE MEXICO,011,TLAHUAC,0001,TLAHUAC,HOSPITAL GENERAL TLµHUAC,19.287391,-99.052743,
DFIMB002020,IMB,SERVICIOS DE SALUD IMSS BIENESTAR ,09,CIUDAD DE MEXICO,016,MIGUEL HIDALGO,0001,MIGUEL HIDALGO,HOSPITAL GENERAL DR. RUBêN LE•ERO,19.45112,-99.169315,
DFIMB000842,IMB,SERVICIOS DE SALUD IMSS BIENESTAR ,09,CIUDAD DE MEXICO,007,IZTAPALAPA,0001,IZTAPALAPA,HOSPITAL GENERAL IZTAPALAPA,19.3443153,-99.0274286,
DFIMB002435,IMB,SERVICIOS DE SALUD IMSS BIENESTAR ,09,CIUDAD DE MEXICO,004,CUAJIMALPA DE MORELOS,0001,CUAJIMALPA DE MORELOS,HOSPITAL GENERAL DE CUAJIMALPA  ,19.3474174,-99.3009058,
DFIMB001822,IMB,SERVICIOS DE SALUD IMSS BIENESTAR ,09,CIUDAD DE MEXICO,014,BENITO JUAREZ,0001,BENITO JUAREZ,HOSPITAL GENERAL XOCO,19.3598136,-99.1632394,
DFIMB002114,IMB,SERVICIOS DE SALUD IMSS BIENESTAR ,09,CIUDAD DE MEXICO,017,VENUSTIANO CARRANZA,0001,VENUSTIANO CARRANZA,HOSPITAL GENERAL BALBUENA,19.4242218,-99.1170464,
DFIMB002102,IMB,SERVICIOS DE SALUD IMSS BIENESTAR ,09,CIUDAD DE MEXICO,017,VENUSTIANO CARRANZA,0001,VENUSTIANO CARRANZA,HOSPITAL PEDIµTRICO MOCTEZUMA,19.4328968,-99.098231,
CSIMB000706,IMB,SERVICIOS DE SALUD IMSS BIENESTAR ,07,CHIAPAS,027,CHIAPA DE CORZO,0001,CHIAPA DE CORZO,CHIAPA DE CORZO,16.704778,-93.013289,
CSIMB003021,IMB,SERVICIOS DE SALUD IMSS BIENESTAR ,07,CHIAPAS,101,TUXTLA GUTIERREZ,0001,TUXTLA GUTIERREZ,ALBANIA (EL VALLE),16.7730009,-93.10229,
CSIMB003033,IMB,SERVICIOS DE SALUD IMSS BIENESTAR ,07,CHIAPAS,101,TUXTLA GUTIERREZ,0001,TUXTLA GUTIERREZ,PATRIA NUEVA,16.7635905,-93.0729963,
CSIMB003045,IMB,SERVICIOS DE SALUD IMSS BIENESTAR ,07,CHIAPAS,101,TUXTLA GUTIERREZ,0001,TUXTLA GUTIERREZ,TERAN,16.752869,-93.1662915,
CSIMB000303,IMB,SERVICIOS DE SALUD IMSS BIENESTAR ,07,CHIAPAS,012,BERRIOZABAL,0001,BERRIOZABAL,CENTRO DE SALUD URBANO BERRIOZABAL,16.797861,-93.2662795,
CSIMB003062,IMB,SERVICIOS DE SALUD IMSS BIENESTAR ,07,CHIAPAS,101,TUXTLA GUTIERREZ,0045,EL JOBO,EL JOBO,16.7047932,-93.10725,
CSIMB001435,IMB,SERVICIOS DE SALUD IMSS BIENESTAR ,07,CHIAPAS,057,MOTOZINTLA,0001,MOTOZINTLA DE MENDOZA,MOTOZINTLA DE MENDOZA,15.3685,-92.24418,
CSIMB000344,IMB,SERVICIOS DE SALUD IMSS BIENESTAR ,07,CHIAPAS,016,CATAZAJA,0001,CATAZAJA,PLAYAS DE CATAZAJµ,17.723576,-92.011952,
CSIMB001930,IMB,SERVICIOS DE SALUD IMSS BIENESTAR ,07,CHIAPAS,069,PIJIJIAPAN,0001,PIJIJIAPAN,CENTRO DE SALUD URBANO PIJIJIAPAN,16.2335418,-93.9027054,
CSIMB000035,IMB,SERVICIOS DE SALUD IMSS BIENESTAR ,07,CHIAPAS,002,ACALA,0001,ACALA,VILLA DE ACALA,16.5592,-92.805065,
CSIMB002625,IMB,SERVICIOS DE SALUD IMSS BIENESTAR ,07,CHIAPAS,124,MEZCALAPA,0001,RAUDALES MALPASO,RAUDALES MALPASO,17.189223,-93.604773,
CSIMB000571,IMB,SERVICIOS DE SALUD IMSS BIENESTAR ,07,CHIAPAS,021,COPAINALA,0001,COPAINALA,COPAINALµ,17.093406,-93.212807,
CSIMB003050,IMB,SERVICIOS DE SALUD IMSS BIENESTAR ,07,CHIAPAS,101,TUXTLA GUTIERREZ,0037,COPOYA,COPOYA,16.7101179,-93.122695,
CSIMB003132,IMB,SERVICIOS DE SALUD IMSS BIENESTAR ,07,CHIAPAS,106,VENUSTIANO CARRANZA,0001,VENUSTIANO CARRANZA,VENUSTIANO CARRANZA,16.33941,-92.56591,
CSIMB003004,IMB,SERVICIOS DE SALUD IMSS BIENESTAR ,07,CHIAPAS,101,TUXTLA GUTIERREZ,0001,TUXTLA GUTIERREZ,BIENESTAR SOCIAL,16.744877,-93.090757,
CSIMB003016,IMB,SERVICIOS DE SALUD IMSS BIENESTAR ,07,CHIAPAS,101,TUXTLA GUTIERREZ,0001,TUXTLA GUTIERREZ,PLAN DE AYALA,16.7639353,-93.183346,
CSIMB002263,IMB,SERVICIOS DE SALUD IMSS BIENESTAR ,07,CHIAPAS,079,SAN FERNANDO,0001,SAN FERNANDO,CENTRO DE SALUD CON SERVICIOS AMPLIADOS SAN FERNANDO,16.874503,-93.208301,
CSIMB001633,IMB,SERVICIOS DE SALUD IMSS BIENESTAR ,07,CHIAPAS,061,OCOZOCOAUTLA DE ESPINOSA,0001,OCOZOCOAUTLA DE ESPINOSA,OCOZOCOAUTLA,16.7588009,-93.3764228,
CSIMB004696,IMB,SERVICIOS DE SALUD IMSS BIENESTAR ,07,CHIAPAS,085,SOYALO,0001,SOYALO,SOYAL‡,16.8890486,-92.9145703,
CSIMB000151,IMB,SERVICIOS DE SALUD IMSS BIENESTAR ,07,CHIAPAS,008,ANGEL ALBINO CORZO,0001,JALTENANGO DE LA PAZ (ANGEL ALBINO CORZO),H. B. C. DE µNGEL ALBINO CORZO,15.872464,-92.71695,
CSIMB002152,IMB,SERVICIOS DE SALUD IMSS BIENESTAR ,07,CHIAPAS,077,SALTO DE AGUA,0001,SALTO DE AGUA,HOSPITAL BµSICO COMUNITARIO SALTO DE AGUA,17.552807,-92.338727,
CSIMB000175,IMB,SERVICIOS DE SALUD IMSS BIENESTAR ,07,CHIAPAS,009,ARRIAGA,0001,ARRIAGA,HOSPITAL GENERAL JUµREZ ARRIAGA,16.241557,-93.887718,
CSIMB000175,IMB,SERVICIOS DE SALUD IMSS BIENESTAR ,07,CHIAPAS,009,ARRIAGA,0001,ARRIAGA,HOSPITAL GENERAL JUµREZ ARRIAGA,16.241557,-93.887718,
CSIMB000460,IMB,SERVICIOS DE SALUD IMSS BIENESTAR ,07,CHIAPAS,019,COMITAN DE DOMINGUEZ,0001,COMITAN DE DOMINGUEZ,HOSPITAL GENERAL MAR÷A IGNACIA GANDULFO COMITAN,16.246124,-92.129627,
CSIMB000460,IMB,SERVICIOS DE SALUD IMSS BIENESTAR ,07,CHIAPAS,019,COMITAN DE DOMINGUEZ,0001,COMITAN DE DOMINGUEZ,HOSPITAL GENERAL MAR÷A IGNACIA GANDULFO COMITAN,16.246124,-92.129627,
CSIMB000460,IMB,SERVICIOS DE SALUD IMSS BIENESTAR ,07,CHIAPAS,019,COMITAN DE DOMINGUEZ,0001,COMITAN DE DOMINGUEZ,HOSPITAL GENERAL MAR÷A IGNACIA GANDULFO COMITAN,16.246124,-92.129627,
CSIMB000460,IMB,SERVICIOS DE SALUD IMSS BIENESTAR ,07,CHIAPAS,019,COMITAN DE DOMINGUEZ,0001,COMITAN DE DOMINGUEZ,HOSPITAL GENERAL MAR÷A IGNACIA GANDULFO COMITAN,16.246124,-92.129627,
CSIMB001073,IMB,SERVICIOS DE SALUD IMSS BIENESTAR ,07,CHIAPAS,040,HUIXTLA,0001,HUIXTLA,HOSPITAL GENERAL HUIXTLA,15.145903,-92.457536,
CSIMB001732,IMB,SERVICIOS DE SALUD IMSS BIENESTAR ,07,CHIAPAS,065,PALENQUE,0001,PALENQUE,HOSPITAL GENERAL PALENQUE,17.507697,-91.988442,
CSIMB001732,IMB,SERVICIOS DE SALUD IMSS BIENESTAR ,07,CHIAPAS,065,PALENQUE,0001,PALENQUE,HOSPITAL GENERAL PALENQUE,17.507697,-91.988442,Verificar
CSIMB003680,IMB,SERVICIOS DE SALUD IMSS BIENESTAR ,07,CHIAPAS,089,TAPACHULA,0001,TAPACHULA DE CORDOVA Y ORDO•EZ,HOSPITAL GENERAL TAPACHULA,14.8425185,-92.3183761,
CSIMB003680,IMB,SERVICIOS DE SALUD IMSS BIENESTAR ,07,CHIAPAS,089,TAPACHULA,0001,TAPACHULA DE CORDOVA Y ORDO•EZ,HOSPITAL GENERAL TAPACHULA,14.8425185,-92.3183761,
CSIMB005500,IMB,SERVICIOS DE SALUD IMSS BIENESTAR ,07,CHIAPAS,078,SAN CRISTOBAL DE LAS CASAS,0001,SAN CRISTOBAL DE LAS CASAS,HOSPITAL DE LAS CULTURAS SAN CRISTOBAL DE LAS CASAS,16.723703,-92.652269,
CSIMB005500,IMB,SERVICIOS DE SALUD IMSS BIENESTAR ,07,CHIAPAS,078,SAN CRISTOBAL DE LAS CASAS,0001,SAN CRISTOBAL DE LAS CASAS,HOSPITAL DE LAS CULTURAS SAN CRISTOBAL DE LAS CASAS,16.723703,-92.652269,Verificar
CSIMB005582,IMB,SERVICIOS DE SALUD IMSS BIENESTAR ,07,CHIAPAS,108,VILLAFLORES,0001,VILLAFLORES,HOSPITAL GENERAL BICENTENARIO VILLAFLORES,16.258402,-93.265141,
CSIMB006533,IMB,SERVICIOS DE SALUD IMSS BIENESTAR ,07,CHIAPAS,101,TUXTLA GUTIERREZ,0001,TUXTLA GUTIERREZ,HOSPITAL CHIAPAS NOS UNE DR. JESUS GILBERTO GOMEZ MAZA,16.7484597,-93.0727995,
CSIMB003506,IMB,SERVICIOS DE SALUD IMSS BIENESTAR ,07,CHIAPAS,089,TAPACHULA,0001,TAPACHULA DE CORDOVA Y ORDO•EZ,HOSPITAL REGIONAL DE ALTA ESPECIALIDAD CIUDAD SALUD,15.351201,-92.548768,
CSIMB003506,IMB,SERVICIOS DE SALUD IMSS BIENESTAR ,07,CHIAPAS,089,TAPACHULA,0001,TAPACHULA DE CORDOVA Y ORDO•EZ,HOSPITAL REGIONAL DE ALTA ESPECIALIDAD CIUDAD SALUD,15.351201,-92.548768,
CMIMB000103,IMB,SERVICIOS DE SALUD IMSS BIENESTAR ,06,COLIMA,002,COLIMA,0001,COLIMA,HOSPITAL REGIONAL UNIVERSITARIO,19.2581366,-103.6898378,
CMIMB001136,IMB,SERVICIOS DE SALUD IMSS BIENESTAR ,06,COLIMA,002,COLIMA,0001,COLIMA,CENTRO DE SALUD GUSTAVO VµZQUEZ MONTES,19.2268486,-103.6985517,
CMIMB000873,IMB,SERVICIOS DE SALUD IMSS BIENESTAR ,06,COLIMA,009,TECOMAN,0001,TECOMAN,CENTRO DE SALUD TECOMµN DRA. MAR÷A DOLORES EVANGELISTA ROMERO,18.9173401,-103.8733383,
CMIMB001305,IMB,SERVICIOS DE SALUD IMSS BIENESTAR ,06,COLIMA,007,MANZANILLO,0001,MANZANILLO,CENTRO DE ATENCI‡N AVANZADA PRIMARIA A LA SALUD,19.0536669,-104.3039249,
MCIMB009145,IMB,SERVICIOS DE SALUD IMSS BIENESTAR ,15,MEXICO,106,TOLUCA,0001,TOLUCA DE LERDO,CENTRO MêDICO LIC. ADOLFO L‡PEZ MATEOS,19.319684,-99.633146,
MCIMB001841,IMB,SERVICIOS DE SALUD IMSS BIENESTAR ,15,MEXICO,031,CHIMALHUACAN,0001,CHIMALHUACAN,H.G. CHIMALHUACµN,19.4196601,-98.9751801,
MCIMB008042,IMB,SERVICIOS DE SALUD IMSS BIENESTAR ,15,MEXICO,122,VALLE DE CHALCO SOLIDARIDAD,0001,XICO,H.G. DR. FERNANDO QUIROZ GUTIêRREZ,19.273453,-98.941742,
MCIMB003895,IMB,SERVICIOS DE SALUD IMSS BIENESTAR ,15,MEXICO,058,NEZAHUALCOYOTL,0001,CIUDAD NEZAHUALCOYOTL,H.G. DR. GUSTAVO BAZ PRADA,19.422298,-99.0149201,
MCIMB002005,IMB,SERVICIOS DE SALUD IMSS BIENESTAR ,15,MEXICO,033,ECATEPEC DE MORELOS,0001,ECATEPEC DE MORELOS,H.G. DR. JOSê MAR÷A RODR÷GUEZ,19.5145331,-99.0381083,
MCIMB003743,IMB,SERVICIOS DE SALUD IMSS BIENESTAR ,15,MEXICO,057,NAUCALPAN DE JUAREZ,0001,NAUCALPAN DE JUAREZ,H.G. DR. MAXIMILIANO RU÷Z CASTA•EDA,19.468121,-99.234602,
MCIMB006946,IMB,SERVICIOS DE SALUD IMSS BIENESTAR ,15,MEXICO,106,TOLUCA,0001,TOLUCA DE LERDO,H.G. DR. NICOLµS SAN JUAN,19.316095,-99.636675,
MCIMB009022,IMB,SERVICIOS DE SALUD IMSS BIENESTAR ,15,MEXICO,045,JILOTEPEC,0001,JILOTEPEC DE MOLINA ENRIQUEZ,H.G. JILOTEPEC,19.954759,-99.547046,
MCIMB001486,IMB,SERVICIOS DE SALUD IMSS BIENESTAR ,15,MEXICO,024,CUAUTITLAN,0001,CUAUTITLAN,H.G. JOSê VICENTE VILLADA,19.664501,-99.178701,
MCIMB009775,IMB,SERVICIOS DE SALUD IMSS BIENESTAR ,15,MEXICO,016,AXAPUSCO,0001,AXAPUSCO,HOSPITAL GENERAL DE AXAPUSCO,19.733024,-98.769851,
MCIMB001515,IMB,SERVICIOS DE SALUD IMSS BIENESTAR ,15,MEXICO,025,CHALCO,0001,CHALCO DE DIAZ COVARRUBIAS,HOSPITAL GENERAL DE CHALCO,19.2680187,-98.8936991,
MCIMB009215,IMB,SERVICIOS DE SALUD IMSS BIENESTAR ,15,MEXICO,058,NEZAHUALCOYOTL,0001,CIUDAD NEZAHUALCOYOTL,HOSPITAL GENERAL LA PERLA NEZAHUALCOYOTL,19.387644,-98.989264,
MCIMB009203,IMB,SERVICIOS DE SALUD IMSS BIENESTAR ,15,MEXICO,033,ECATEPEC DE MORELOS,0001,ECATEPEC DE MORELOS,HOSPITAL GENERAL LAS AMêRICAS,19.5936922,-99.0188783,
MCIMB009261,IMB,SERVICIOS DE SALUD IMSS BIENESTAR ,15,MEXICO,109,TULTITLAN,0025,SAN PABLO DE LAS SALINAS,HOSPITAL GENERAL TULTITLAN SAN PABLO DE LAS SALINAS,19.6768501,-99.0927601,
MCIMB012085,IMB,SERVICIOS DE SALUD IMSS BIENESTAR ,15,MEXICO,124,SAN JOSE DEL RINCON,0113,SANTA CRUZ DEL RINCON,HOSPITAL MATERNO INFANTIL JOSê MAR÷A MORELOS Y PAV‡N BICENTENARIO SAN JOSê DEL RINC‡N,19.657679,-100.12159,
MCIMB002244,IMB,SERVICIOS DE SALUD IMSS BIENESTAR ,15,MEXICO,035,HUEHUETOCA,0001,HUEHUETOCA,HOSPITAL MUNICIPAL HUEHUETOCA,19.8287,-99.2308,
MCIMB000226,IMB,SERVICIOS DE SALUD IMSS BIENESTAR ,15,MEXICO,002,ACOLMAN,0015,TEPEXPAN,TEPEXPAN DR. GUSTAVO BAZ PRADA,19.611498,-98.9410275,
GRIMB004311,IMB,SERVICIOS DE SALUD IMSS BIENESTAR ,12,GUERRERO,038,ZIHUATANEJO DE AZUETA,0001,ZIHUATANEJO,DR. BERNARDO SEPULVEDA GUTIêRREZ,17.648613,-101.549035,
GRIMB008926,IMB,SERVICIOS DE SALUD IMSS BIENESTAR ,12,GUERRERO,001,ACAPULCO DE JUAREZ,0129,LOS ORGANOS DE SAN AGUSTIN (EL QUEMADO),HOSPITAL GENERAL DE ACAPULCO,16.930872,-99.82064,
GRIMB000024,IMB,SERVICIOS DE SALUD IMSS BIENESTAR ,12,GUERRERO,001,ACAPULCO DE JUAREZ,0001,ACAPULCO DE JUAREZ,HOSP. GRAL. RENACIMIENTO,16.89961,-99.827546,
GRIMB008931,IMB,SERVICIOS DE SALUD IMSS BIENESTAR ,12,GUERRERO,075,EDUARDO NERI,0001,ZUMPANGO DEL RIO,HOSPITAL GENERAL DR. RAYMUNDO ABARCA ALARC‡N,17.605384,-99.520921,
HGIMB002304,IMB,SERVICIOS DE SALUD IMSS BIENESTAR ,13,HIDALGO,048,PACHUCA DE SOTO,0001,PACHUCA DE SOTO,HOSPITAL GENERAL PACHUCA,20.11376,-98.722855,
HGIMB004824,IMB,SERVICIOS DE SALUD IMSS BIENESTAR ,13,HIDALGO,076,TULA DE ALLENDE,0001,TULA DE ALLENDE,HOSPITAL GENERAL TULA,20.040681,-99.342061,
HGIMB005005,IMB,SERVICIOS DE SALUD IMSS BIENESTAR ,13,HIDALGO,056,SANTIAGO TULANTEPEC DE LUGO GUERRERO,0016,PAXTEPEC,HOSPITAL GENERAL DE TULANCINGO,20.062166,-98.440731,
MNIMB003013,IMB,SERVICIOS DE SALUD IMSS BIENESTAR ,16,MICHOACAN DE OCAMPO,112,ZITACUARO,0001,HEROICA ZITACUARO,HOSPITAL GENERAL ZITACUARO,19.432554,-100.3694427,
MNIMB003590,IMB,SERVICIOS DE SALUD IMSS BIENESTAR ,16,MICHOACAN DE OCAMPO,053,MORELIA,0287,EL EJIDO DE ATAPANEO,"HOSPITAL GENERAL ""DR MIGUEL SILVA""",19.731491,-101.105271,
MNIMB004734,IMB,SERVICIOS DE SALUD IMSS BIENESTAR ,16,MICHOACAN DE OCAMPO,006,APATZINGAN,0001,APATZINGAN DE LA CONSTITUCION,HOSPITAL GENERAL APATZINGAN,19.064998,-102.325361,
MNIMB002774,IMB,SERVICIOS DE SALUD IMSS BIENESTAR ,16,MICHOACAN DE OCAMPO,102,URUAPAN,0001,URUAPAN,HOSPITAL GENERAL DR. PEDRO DANIEL MART÷NEZ,19.390541,-102.024055,
MNIMB001526,IMB,SERVICIOS DE SALUD IMSS BIENESTAR ,16,MICHOACAN DE OCAMPO,053,MORELIA,0001,MORELIA,CENTRO DE SALUD MORELIA (DR. JUAN MANUEL GONZµLEZ URUE•A),19.70513,-101.19238,
MNIMB001292,IMB,SERVICIOS DE SALUD IMSS BIENESTAR ,16,MICHOACAN DE OCAMPO,052,LAZARO CARDENAS,0001,CIUDAD LAZARO CARDENAS,"HOSPITAL GENERAL DE LµZARO CµRDENAS ""DRA. ELENA AVILêS""",17.96696,-102.20205,
MNIMB001403,IMB,SERVICIOS DE SALUD IMSS BIENESTAR ,16,MICHOACAN DE OCAMPO,053,MORELIA,0001,MORELIA,HOSPITAL DE LA MUJER,19.692886,-101.154067,
MNSSA017431,SSA,SECRETARIA DE SALUD,16,MICHOACAN DE OCAMPO,069,LA PIEDAD,0001,LA PIEDAD DE CABADAS,CENTRO DE SALUD LA PIEDAD GPE. MATEOS Y VEGA,20.342173,-102.025217,No tiene IMB
MNIMB003544,IMB,SERVICIOS DE SALUD IMSS BIENESTAR ,16,MICHOACAN DE OCAMPO,066,PATZCUARO,0018,EL MANZANILLAL (COLONIA ENRIQUE RAMIREZ),HOSPITAL GENERAL PATZCUARO,19.530025,-101.577988,
MNIMB002786,IMB,SERVICIOS DE SALUD IMSS BIENESTAR ,16,MICHOACAN DE OCAMPO,102,URUAPAN,0001,URUAPAN,CENTRO DE SALUD URUAPAN (DR. JOSê ALVAREZ AMEZQUITA),19.414036,-102.057626,
MNIMB000860,IMB,SERVICIOS DE SALUD IMSS BIENESTAR ,16,MICHOACAN DE OCAMPO,034,HIDALGO,0001,CIUDAD HIDALGO,CENTRO DE SALUD CIUDAD HIDALGO,19.68794,-100.55288,
MNIMB002943,IMB,SERVICIOS DE SALUD IMSS BIENESTAR ,16,MICHOACAN DE OCAMPO,108,ZAMORA,0001,ZAMORA DE HIDALGO,CENTRO COMUNITARIO DE SALUD MENTAL Y ADICCIONES UNEME-CECOSAMA,19.982858,-102.280473,
MNIMB002943,IMB,SERVICIOS DE SALUD IMSS BIENESTAR ,16,MICHOACAN DE OCAMPO,108,ZAMORA,0001,ZAMORA DE HIDALGO,CENTRO COMUNITARIO DE SALUD MENTAL Y ADICCIONES UNEME-CECOSAMA,19.982858,-102.280473,
MNIMB001840,IMB,SERVICIOS DE SALUD IMSS BIENESTAR ,16,MICHOACAN DE OCAMPO,066,PATZCUARO,0001,PATZCUARO,CENTRO DE SALUD PµTZCUARO (VISTA DEL LAGO),19.504369,-101.60212,
MNIMB003976,IMB,SERVICIOS DE SALUD IMSS BIENESTAR ,16,MICHOACAN DE OCAMPO,069,LA PIEDAD,0001,LA PIEDAD DE CABADAS,HOSPITAL GENERAL LA PIEDAD,20.319359,-102.018441,
MNIMB002931,IMB,SERVICIOS DE SALUD IMSS BIENESTAR ,16,MICHOACAN DE OCAMPO,108,ZAMORA,0001,ZAMORA DE HIDALGO,HOSPITAL GENERAL ZAMORA,19.989744,-102.279183,
MNIMB001601,IMB,SERVICIOS DE SALUD IMSS BIENESTAR ,16,MICHOACAN DE OCAMPO,055,MUGICA,0001,NUEVA ITALIA DE RUIZ,HOSPITAL INTEGRAL NUEVA ITALIA,19.0292562,-102.088395,
MNIMB003013,IMB,SERVICIOS DE SALUD IMSS BIENESTAR ,16,MICHOACAN DE OCAMPO,112,ZITACUARO,0001,HEROICA ZITACUARO,HOSPITAL GENERAL ZITACUARO,19.432554,-100.3694427,
MNIMB003590,IMB,SERVICIOS DE SALUD IMSS BIENESTAR ,16,MICHOACAN DE OCAMPO,053,MORELIA,0287,EL EJIDO DE ATAPANEO,"HOSPITAL GENERAL ""DR MIGUEL SILVA""",19.731491,-101.105271,
MNIMB004734,IMB,SERVICIOS DE SALUD IMSS BIENESTAR ,16,MICHOACAN DE OCAMPO,006,APATZINGAN,0001,APATZINGAN DE LA CONSTITUCION,HOSPITAL GENERAL APATZINGAN,19.064998,-102.325361,
MNIMB001526,IMB,SERVICIOS DE SALUD IMSS BIENESTAR ,16,MICHOACAN DE OCAMPO,053,MORELIA,0001,MORELIA,CENTRO DE SALUD MORELIA (DR. JUAN MANUEL GONZµLEZ URUE•A),19.70513,-101.19238,
MNIMB001292,IMB,SERVICIOS DE SALUD IMSS BIENESTAR ,16,MICHOACAN DE OCAMPO,052,LAZARO CARDENAS,0001,CIUDAD LAZARO CARDENAS,"HOSPITAL GENERAL DE LµZARO CµRDENAS ""DRA. ELENA AVILêS""",17.96696,-102.20205,
MNIMB001403,IMB,SERVICIOS DE SALUD IMSS BIENESTAR ,16,MICHOACAN DE OCAMPO,053,MORELIA,0001,MORELIA,HOSPITAL DE LA MUJER,19.692886,-101.154067,
MNIMB002786,IMB,SERVICIOS DE SALUD IMSS BIENESTAR ,16,MICHOACAN DE OCAMPO,102,URUAPAN,0001,URUAPAN,CENTRO DE SALUD URUAPAN (DR. JOSê ALVAREZ AMEZQUITA),19.414036,-102.057626,
MNIMB000860,IMB,SERVICIOS DE SALUD IMSS BIENESTAR ,16,MICHOACAN DE OCAMPO,034,HIDALGO,0001,CIUDAD HIDALGO,CENTRO DE SALUD CIUDAD HIDALGO,19.68794,-100.55288,
MNIMB002943,IMB,SERVICIOS DE SALUD IMSS BIENESTAR ,16,MICHOACAN DE OCAMPO,108,ZAMORA,0001,ZAMORA DE HIDALGO,CENTRO COMUNITARIO DE SALUD MENTAL Y ADICCIONES UNEME-CECOSAMA,19.982858,-102.280473,
MNIMB002943,IMB,SERVICIOS DE SALUD IMSS BIENESTAR ,16,MICHOACAN DE OCAMPO,108,ZAMORA,0001,ZAMORA DE HIDALGO,CENTRO COMUNITARIO DE SALUD MENTAL Y ADICCIONES UNEME-CECOSAMA,19.982858,-102.280473,
MNIMB001840,IMB,SERVICIOS DE SALUD IMSS BIENESTAR ,16,MICHOACAN DE OCAMPO,066,PATZCUARO,0001,PATZCUARO,CENTRO DE SALUD PµTZCUARO (VISTA DEL LAGO),19.504369,-101.60212,
MNIMB003976,IMB,SERVICIOS DE SALUD IMSS BIENESTAR ,16,MICHOACAN DE OCAMPO,069,LA PIEDAD,0001,LA PIEDAD DE CABADAS,HOSPITAL GENERAL LA PIEDAD,20.319359,-102.018441,
MNIMB002931,IMB,SERVICIOS DE SALUD IMSS BIENESTAR ,16,MICHOACAN DE OCAMPO,108,ZAMORA,0001,ZAMORA DE HIDALGO,HOSPITAL GENERAL ZAMORA,19.989744,-102.279183,
MNIMB001601,IMB,SERVICIOS DE SALUD IMSS BIENESTAR ,16,MICHOACAN DE OCAMPO,055,MUGICA,0001,NUEVA ITALIA DE RUIZ,HOSPITAL INTEGRAL NUEVA ITALIA,19.0292562,-102.088395,
MNIMB003660,IMB,SERVICIOS DE SALUD IMSS BIENESTAR ,16,MICHOACAN DE OCAMPO,053,MORELIA,0287,EL EJIDO DE ATAPANEO,"HOSPITAL INFANTIL DE MORELIA ""EVA SAMANO DE L‡PEZ MATEOS""",19.732402,-101.102766,
MSIMB000292,IMB,SERVICIOS DE SALUD IMSS BIENESTAR ,17,MORELOS,006,CUAUTLA,0001,CUAUTLA,HOSPITAL GENERAL DE CUAUTLA,18.8455,-98.9391,
MSIMB000386,IMB,SERVICIOS DE SALUD IMSS BIENESTAR ,17,MORELOS,007,CUERNAVACA,0001,CUERNAVACA,HG DE CUERNAVACA DR. JOSE G. PARRES,18.9359,-99.2335,
MSIMB000806,IMB,SERVICIOS DE SALUD IMSS BIENESTAR ,17,MORELOS,012,JOJUTLA,0001,JOJUTLA,HG DE JOJUTLA DR. ERNESTO MEANA SAN ROMµN,18.6177,-99.1907,
MSIMB001243,IMB,SERVICIOS DE SALUD IMSS BIENESTAR ,17,MORELOS,021,TETECALA,0001,TETECALA,HG DE TETECALA DR. RODOLFO BECERRIL DE LA PAZ,18.7307958,-99.3897781,
MSIMB001856,IMB,SERVICIOS DE SALUD IMSS BIENESTAR ,17,MORELOS,018,TEMIXCO,0001,TEMIXCO,HOSPITAL GENERAL DE TEMIXCO,18.8368311,-99.2390247,
MSIMB002235,IMB,SERVICIOS DE SALUD IMSS BIENESTAR ,17,MORELOS,008,EMILIANO ZAPATA,0001,EMILIANO ZAPATA,HOSPITAL DEL NI•O MORELENSE,18.8436,-99.2022,
NTiMB001246,IMB,SERVICIOS DE SALUD IMSS BIENESTAR ,18,NAYARIT,017,TEPIC,0001,TEPIC,HOSPITAL CIVIL DR. ANTONIO GONZµLEZ GUEVARA,21.5010461,-104.897629,
NTIMB001654,IMB,SERVICIOS DE SALUD IMSS BIENESTAR ,18,NAYARIT,020,BAHIA DE BANDERAS,0081,SAN FRANCISCO,HOSPITAL GENERAL SAN FRANCISCO,20.9007233,-105.4103064,
NTIMB000551,IMB,SERVICIOS DE SALUD IMSS BIENESTAR ,18,NAYARIT,010,ROSAMORADA,0001,ROSAMORADA,HOSPITAL GENERAL ROSAMORADA,22.1150969,-105.2094934,
NTIMB001724,IMB,SERVICIOS DE SALUD IMSS BIENESTAR ,18,NAYARIT,015,SANTIAGO IXCUINTLA,0001,SANTIAGO IXCUINTLA,HOSPITAL GENERAL SANTIAGO IXCUINTLA,21.8123286,-105.2089011,
NTIMB001350,IMB,SERVICIOS DE SALUD IMSS BIENESTAR ,18,NAYARIT,017,TEPIC,0001,TEPIC,TEPIC (JUAN ESCUTIA),21.515465,-104.898204,
NTIMB000353,IMB,SERVICIOS DE SALUD IMSS BIENESTAR ,18,NAYARIT,006,IXTLAN DEL RIO,0001,IXTLAN DEL RIO,HOSPITAL INTEGRAL IXTLµN DEL R÷O,21.0370861,-104.3780574,
OCIMB001313,IMB,SERVICIOS DE SALUD IMSS BIENESTAR ,20,OAXACA,115,SAN BARTOLO COYOTEPEC,0001,SAN BARTOLO COYOTEPEC,HE DE LA NI•EZ OAXAQUE•A,16.9465851,-96.71092,
OCIMB000881,IMB,SERVICIOS DE SALUD IMSS BIENESTAR ,20,OAXACA,067,OAXACA DE JUAREZ,0001,OAXACA DE JUAREZ,HG OAXACA DR. AURELIO VALDIVIESO,17.0820483,-96.7181727,
OCIMB000490,IMB,SERVICIOS DE SALUD IMSS BIENESTAR ,20,OAXACA,039,HEROICA CIUDAD DE HUAJUAPAN DE LEON,0001,HEROICA CIUDAD DE HUAJUAPAN DE LEON,HG HUAJUAPAN ENF. MAR÷A DEL PILAR SµNCHEZ VILLAVICENCIO,17.8116425,-97.7726134,
QRIMB000025,IMB,SERVICIOS DE SALUD IMSS BIENESTAR ,23,QUINTANA ROO,002,FELIPE CARRILLO PUERTO,0001,FELIPE CARRILLO PUERTO,HOSPITAL GENERAL DE FELIPE CARRILLO PUERTO,19.571196,-88.0457058,
QRIMB000351,IMB,SERVICIOS DE SALUD IMSS BIENESTAR ,23,QUINTANA ROO,004,OTHON P. BLANCO,0001,CHETUMAL,HOSPITAL GENERAL DE CHETUMAL,18.517,-88.304,
QRIMB001973,IMB,SERVICIOS DE SALUD IMSS BIENESTAR ,23,QUINTANA ROO,005,BENITO JUAREZ,0001,CANCUN,HOSPITAL GENERAL DE CANCÈN DR. JESÈS KUMATE RODR÷GUEZ,21.19531,-86.87687,
QRIMB001956,IMB,SERVICIOS DE SALUD IMSS BIENESTAR ,23,QUINTANA ROO,008,SOLIDARIDAD,0001,PLAYA DEL CARMEN,HOSPITAL GENERAL DE PLAYA DEL CARMEN,20.6448025,-87.0949994,
QRIMB000013,IMB,SERVICIOS DE SALUD IMSS BIENESTAR ,23,QUINTANA ROO,001,COZUMEL,0001,COZUMEL,HOSPITAL GENERAL DE COZUMEL,20.5017462,-86.9534488,
SPIMB002970,IMB,SERVICIOS DE SALUD IMSS BIENESTAR ,24,SAN LUIS POTOSI,035,SOLEDAD DE GRACIANO SANCHEZ,0001,SOLEDAD DE GRACIANO SANCHEZ,HOSPITAL GENERAL DE SOLEDAD DE GRACIANO SµNCHEZ,22.164571,-100.938266,
SPIMB002574,IMB,SERVICIOS DE SALUD IMSS BIENESTAR ,24,SAN LUIS POTOSI,028,SAN LUIS POTOSI,0001,SAN LUIS POTOSI,HOSPITAL REGIONAL DE ALTA ESPECIALIDAD DR.IGNACIO MORONES PRIETO,22.147998,-101.014679,
SPIMB002813,IMB,SERVICIOS DE SALUD IMSS BIENESTAR ,24,SAN LUIS POTOSI,054,XILITLA,0001,XILITLA,HOSPITAL BASICO COMUNITARIO DE XILITLA,21.37253,-99.00603,
SPIMB000585,IMB,SERVICIOS DE SALUD IMSS BIENESTAR ,24,SAN LUIS POTOSI,024,RIOVERDE,0001,RIOVERDE,HOSPITAL GENERAL DE R÷OVERDE,21.9196964,-99.9918851,
SPIMB000585,IMB,SERVICIOS DE SALUD IMSS BIENESTAR ,24,SAN LUIS POTOSI,024,RIOVERDE,0001,RIOVERDE,HOSPITAL GENERAL DE R÷OVERDE,21.9196964,-99.9918851,
SPIMB000240,IMB,SERVICIOS DE SALUD IMSS BIENESTAR ,24,SAN LUIS POTOSI,013,CIUDAD VALLES,0001,CIUDAD VALLES,HOSPITAL GENERAL CD. VALLES,21.948257,-98.993798,
SPIMB001063,IMB,SERVICIOS DE SALUD IMSS BIENESTAR ,24,SAN LUIS POTOSI,037,TAMAZUNCHALE,0001,TAMAZUNCHALE,HOSPITAL COMUNITARIO TAMAZUNCHALE,21.27728,-98.75067,
SRIMB001095,IMB,SERVICIOS DE SALUD IMSS BIENESTAR ,26,SONORA,030,HERMOSILLO,0535,SAN PEDRO O EL SAUCITO (SAN PEDRO EL SAUCITO),CENTRO DE SALUD RURAL SAN PEDRO EL SAUCITO,29.1803383,-110.8812666,Verificar
SPIMB000701,IMB,SERVICIOS DE SALUD IMSS BIENESTAR ,24,SAN LUIS POTOSI,028,SAN LUIS POTOSI,0001,SAN LUIS POTOSI,DR. JUAN H. SANCHEZ,22.140562,-100.972944,
SPIMB000252,IMB,SERVICIOS DE SALUD IMSS BIENESTAR ,24,SAN LUIS POTOSI,013,CIUDAD VALLES,0001,CIUDAD VALLES,PIMIENTA,22.00161,-98.99772,
SPIMB000882,IMB,SERVICIOS DE SALUD IMSS BIENESTAR ,24,SAN LUIS POTOSI,032,SANTA MARIA DEL RIO,0001,SANTA MARIA DEL RIO,SANTA MAR÷A DEL R÷O,21.80987,-100.73202,
SPIMB001821,IMB,SERVICIOS DE SALUD IMSS BIENESTAR ,24,SAN LUIS POTOSI,057,MATLAPA,0001,MATLAPA,CENTRO DE SALUD MATLAPA,21.33051,-98.82398,
SPIMB000754,IMB,SERVICIOS DE SALUD IMSS BIENESTAR ,24,SAN LUIS POTOSI,029,SAN MARTIN CHALCHICUAUTLA,0001,SAN MARTIN CHALCHICUAUTLA,CENTRO DE SALUD SAN MART÷N CHALCHICUAUTLA,21.369727,-98.670461,
SLIMB000031,IMB,SERVICIOS DE SALUD IMSS BIENESTAR ,25,SINALOA,001,AHOME,0001,LOS MOCHIS,HOSPITAL GENERAL LOS MOCHIS,25.7710931,-108.988561,
SLIMB000014,IMB,SERVICIOS DE SALUD IMSS BIENESTAR ,25,SINALOA,006,CULIACAN,0001,CULIACAN ROSALES,HOSPITAL GENERAL DE CULIACµN,24.8325414,-107.3660201,
SLIMB001134,IMB,SERVICIOS DE SALUD IMSS BIENESTAR ,25,SINALOA,011,GUASAVE,0001,GUASAVE,HOSPITAL GENERAL GUASAVE,25.5530893,-108.4751021,
SLIMB002230,IMB,SERVICIOS DE SALUD IMSS BIENESTAR ,25,SINALOA,006,CULIACAN,0001,CULIACAN ROSALES,HOSPITAL PEDIµTRICO DE SINALOA,24.798775,-107.3994245,
SLIMB002971,IMB,SERVICIOS DE SALUD IMSS BIENESTAR ,25,SINALOA,006,CULIACAN,0001,CULIACAN ROSALES,INSTITUTO SINALOENSE DE CANCEROLOG÷A,24.8204,-107.405,
SRIMB002203,IMB,SERVICIOS DE SALUD IMSS BIENESTAR ,26,SONORA,030,HERMOSILLO,0001,HERMOSILLO,HOSPITAL GENERAL DEL ESTADO DE SONORA,29.08175,-111.003861,
SRIMB000914,IMB,SERVICIOS DE SALUD IMSS BIENESTAR ,26,SONORA,030,HERMOSILLO,0001,HERMOSILLO,HOSPITAL INFANTIL DEL ESTADO DE SONORA,29.1163811,-110.9718024,
SRIMB000453,IMB,SERVICIOS DE SALUD IMSS BIENESTAR ,26,SONORA,018,CAJEME,0001,CIUDAD OBREGON,HOSPITAL GENERAL CD. OBREG‡N,27.4833703,-109.9548751,
TCIMB000774,IMB,SERVICIOS DE SALUD IMSS BIENESTAR ,27,TABASCO,004,CENTRO,0001,VILLAHERMOSA,"HOSPITAL REGIONAL DE ALTA ESPECIALIDAD DEL NI•O ""DR. RODOLFO NIETO PADR‡N""",17.977151,-92.952873,
TSIMB000316,IMB,SERVICIOS DE SALUD IMSS BIENESTAR ,28,TAMAULIPAS,009,CIUDAD MADERO,0001,CIUDAD MADERO,HOSPITAL GENERAL CIVIL CIUDAD MADERO,22.254024,-97.823416,
TSIMB001091,IMB,SERVICIOS DE SALUD IMSS BIENESTAR ,28,TAMAULIPAS,027,NUEVO LAREDO,0001,NUEVO LAREDO,HOSPITAL GENERAL NUEVO LAREDO,27.485904,-99.504271,
TSIMB001103,IMB,SERVICIOS DE SALUD IMSS BIENESTAR ,28,TAMAULIPAS,027,NUEVO LAREDO,0001,NUEVO LAREDO,HOSPITAL GENERAL CIVIL NUEVO LAREDO,27.493243,-99.531614,
TSIMB001260,IMB,SERVICIOS DE SALUD IMSS BIENESTAR ,28,TAMAULIPAS,032,REYNOSA,0001,REYNOSA,HOSPITAL GENERAL REYNOSA DR. JOSê MAR÷A CANTÈ GARZA,26.055749,-98.296918,
TSIMB001943,IMB,SERVICIOS DE SALUD IMSS BIENESTAR ,28,TAMAULIPAS,041,VICTORIA,0001,CIUDAD VICTORIA,HOSPITAL GENERAL CIVIL VICTORIA DR. JOSê MAC÷AS HERNµNDEZ,23.728095,-99.157253,
TSIMB001955,IMB,SERVICIOS DE SALUD IMSS BIENESTAR ,28,TAMAULIPAS,041,VICTORIA,0001,CIUDAD VICTORIA,HOSPITAL GENERAL DR. NORBERTO TREVI•O ZAPATA,23.748326,-99.137855,
TSIMB002416,IMB,SERVICIOS DE SALUD IMSS BIENESTAR ,28,TAMAULIPAS,022,MATAMOROS,0001,HEROICA MATAMOROS,HOSPITAL GENERAL DE MATAMOROS,25.827131,-97.532805,
TSIMB002643,IMB,SERVICIOS DE SALUD IMSS BIENESTAR ,28,TAMAULIPAS,021,EL MANTE,0001,CIUDAD MANTE,HOSPITAL GENERAL DE CD. MANTE DR. EMILIO MART÷NEZ MANAUTOU,22.727022,-98.969549,
TSIMB003075,IMB,SERVICIOS DE SALUD IMSS BIENESTAR ,28,TAMAULIPAS,033,RIO BRAVO,0001,CIUDAD RIO BRAVO,HOSPITAL GENERAL R÷O BRAVO,25.994527,-98.123613,
TSIMB003466,IMB,SERVICIOS DE SALUD IMSS BIENESTAR ,28,TAMAULIPAS,040,VALLE HERMOSO,0001,VALLE HERMOSO,HOSPITAL GENERAL VALLE HERMOSO DR. RODOLFO TORRE CANTÎ,25.701958,-97.815852,
TSIMB001931,IMB,SERVICIOS DE SALUD IMSS BIENESTAR ,28,TAMAULIPAS,041,VICTORIA,0001,CIUDAD VICTORIA,HOSPITAL INFANTIL DE TAMAULIPAS,23.721794,-99.163718,
TSIMB002520,IMB,SERVICIOS DE SALUD IMSS BIENESTAR ,28,TAMAULIPAS,038,TAMPICO,0001,TAMPICO,HOSPITAL GENERAL DE TAMPICO DR. CARLOS CANSECO,22.253176,-97.859497,
TSIMB002865,IMB,SERVICIOS DE SALUD IMSS BIENESTAR ,28,TAMAULIPAS,041,VICTORIA,0001,CIUDAD VICTORIA,HOSPITAL REGIONAL DE ALTA ESPECIALIDAD EN CD VICTORIA BICENTENARIO 2010,23.761924,-99.107735,
TSSSA018514,SSA,SECRETARIA DE SALUD,28,TAMAULIPAS,003,ALTAMIRA,0203,SANTA AMALIA,HOSPITAL GENERAL ALTAMIRA DR RODOLFO TORRE CANTÈ,22.460086,-97.976746,No tiene IMB
TLIMB000975,IMB,SERVICIOS DE SALUD IMSS BIENESTAR ,29,TLAXCALA,038,TZOMPANTEPEC,0002,SAN ANDRES AHUASHUATEPEC,H.G.R. EMILIO SµNCHEZ PIEDRAS,19.408775,-98.1179722,
TLIMB002136,IMB,SERVICIOS DE SALUD IMSS BIENESTAR ,29,TLAXCALA,013,HUAMANTLA,0001,HUAMANTLA,HOSPITAL GENERAL DE HUAMANTLA,19.3063,-97.9407917,
TLIMB001890,IMB,SERVICIOS DE SALUD IMSS BIENESTAR ,29,TLAXCALA,002,APETATITLAN DE ANTONIO CARVAJAL,0003,SAN MATIAS TEPETOMATITLAN,HOSPITAL INFANTIL DE TLAXCALA,19.3683333,-98.2113333,
TLIMB001395,IMB,SERVICIOS DE SALUD IMSS BIENESTAR ,29,TLAXCALA,025,SAN PABLO DEL MONTE,0001,CIUDAD DE SAN PABLO DEL MONTE,HOSPITAL GENERAL DE SAN PABLO DEL MONTE,19.1268755,-98.2006896,
TLIMB002025,IMB,SERVICIOS DE SALUD IMSS BIENESTAR ,29,TLAXCALA,006,CALPULALPAN,0001,HEROICA CIUDAD DE CALPULALPAN,HOSPITAL GENERAL DE CALPULALPAN,19.5825618,-98.5367416,
TLIMB001820,IMB,SERVICIOS DE SALUD IMSS BIENESTAR ,29,TLAXCALA,002,APETATITLAN DE ANTONIO CARVAJAL,0003,SAN MATIAS TEPETOMATITLAN,HOSPITAL GENERAL TLAXCALA LIC. ANSELMO CERVANTES HERNANDEZ,19.3698807,-98.2164354,
VZIMB002330,IMB,SERVICIOS DE SALUD IMSS BIENESTAR ,30,VERACRUZ DE IGNACIO DE LA LLAVE,087,XALAPA,0001,XALAPA-ENRIQUEZ,CENTRO DE ALTA ESPECIALIDAD  DR. RAFAEL LUCIO,19.551728,-96.935888,
VZIMB005533,IMB,SERVICIOS DE SALUD IMSS BIENESTAR ,30,VERACRUZ DE IGNACIO DE LA LLAVE,193,VERACRUZ,0001,VERACRUZ,HOSPITAL DE ALTA ESPECIALIDAD DE VERACRUZ,19.18562,-96.1321,
VZIMB000826,IMB,SERVICIOS DE SALUD IMSS BIENESTAR ,30,VERACRUZ DE IGNACIO DE LA LLAVE,039,COATZACOALCOS,0001,COATZACOALCOS,HOSPITAL REGIONAL DE COATZACOALCOS DR.VALENTIN G‡MEZ FARIAS,18.144901,-94.4244,
VZIMB002342,IMB,SERVICIOS DE SALUD IMSS BIENESTAR ,30,VERACRUZ DE IGNACIO DE LA LLAVE,087,XALAPA,0001,XALAPA-ENRIQUEZ,HOSPITAL REGIONAL DE  XALAPA  DR. LUIS F.  NACH‡N,19.525544,-96.921021,
VZIMB003766,IMB,SERVICIOS DE SALUD IMSS BIENESTAR ,30,VERACRUZ DE IGNACIO DE LA LLAVE,131,POZA RICA DE HIDALGO,0001,POZA RICA DE HIDALGO,HOSPITAL REGIONAL  POZA RICA DE HIDALGO,20.55418,-97.43901,
VZIMB003870,IMB,SERVICIOS DE SALUD IMSS BIENESTAR ,30,VERACRUZ DE IGNACIO DE LA LLAVE,138,RIO BLANCO,0001,RIO BLANCO,HOSPITAL REGIONAL R÷O BLANCO,18.83506,-97.12501,
VZIMB000983,IMB,SERVICIOS DE SALUD IMSS BIENESTAR ,30,VERACRUZ DE IGNACIO DE LA LLAVE,044,CORDOBA,0001,CORDOBA,HOSPITAL GENERAL CORDOBA YANGA,18.87951,-96.9201,
VZIMB003701,IMB,SERVICIOS DE SALUD IMSS BIENESTAR ,30,VERACRUZ DE IGNACIO DE LA LLAVE,130,PLAYA VICENTE,0001,PLAYA VICENTE,HOSPITAL DE LA COMUNIDAD PLAYA VICENTE,17.8307198,-95.8073,
VZIMB006163,IMB,SERVICIOS DE SALUD IMSS BIENESTAR ,30,VERACRUZ DE IGNACIO DE LA LLAVE,066,ESPINAL,0008,ENTABLADERO,HOSPITAL DE LA COMUNIDAD DE ENTABLADERO,20.27715,-97.5482,
VZIMB007592,IMB,SERVICIOS DE SALUD IMSS BIENESTAR ,30,VERACRUZ DE IGNACIO DE LA LLAVE,061,LAS CHOAPAS,0001,LAS CHOAPAS,HOSPITAL DE LA COMUNIDAD DR. PEDRO CORONEL PêREZ,17.90343,-94.11201,
ZSIMB002481,IMB,SERVICIOS DE SALUD IMSS BIENESTAR ,32,ZACATECAS,056,ZACATECAS,0001,ZACATECAS,HOSPITAL GENERAL ZACATECAS LUZ GONZµLEZ COSIO,22.778268,-102.619871,
ZSIMB000113,IMB,SERVICIOS DE SALUD IMSS BIENESTAR ,32,ZACATECAS,010,FRESNILLO,0001,FRESNILLO,HOSPITAL GENERAL FRESNILLO (DR. JOSê HARO µVILA),23.17238,-102.912707,
